Đồng hồ Aries Gold AG-G9005A G-BK,12.670.000đ,12.670.000đ,Đồng hồ Aries Gold AG-G9005A G-BK
Đồng hồ Diamond D DM2110L-01,12.500.000đ,12.500.000đ,Đồng hồ Diamond D DM2110L-01
Đồng hồ Diamond D DM2110L-02,13.500.000đ,13.500.000đ,Đồng hồ Diamond D DM2110L-02
Đồng hồ Diamond D DM2110L-03,13.500.000đ,13.500.000đ,Đồng hồ Diamond D DM2110L-03
Đồng hồ Diamond D DM2110L-04 Tiffany Blue,13.500.000đ,13.500.000đ,Đồng hồ Diamond D DM2110L-04 Tiffany Blue
Đồng hồ Diamond D DM64205IG-R,5.890.000đ,5.890.000đ,Đồng hồ Diamond D DM64205IG-R
Đồng hồ Diamond D DM55865S-B,7.900.000đ,7.900.000đ,Đồng hồ Diamond D DM55865S-B
Đồng hồ Diamond D DD6013C,7.868.000đ,7.868.000đ,Đồng hồ Diamond D DD6013C
Đồng hồ Diamond D DM1003S-BL Tiffany Blue,4.350.000đ,4.350.000đ,Đồng hồ Diamond D DM1003S-BL Tiffany Blue
Đồng hồ Diamond D DM36285IG-W,4.550.000đ,4.550.000đ,Đồng hồ Diamond D DM36285IG-W
Đồng hồ Diamond D DM1001RG,6.625.000đ,6.625.000đ,Đồng hồ Diamond D DM1001RG
Đồng hồ Diamond D DM1003S-P Baby Pink,4.350.000đ,4.350.000đ,Đồng hồ Diamond D DM1003S-P Baby Pink
Đồng hồ Diamond D DM1001S,6.125.000đ,6.125.000đ,Đồng hồ Diamond D DM1001S
Đồng hồ Diamond D DD6009A,4.291.000đ,4.291.000đ,Đồng hồ Diamond D DD6009A
Đồng hồ Epos Swiss E-3435.313.22.18.25 Limited,62.800.000đ,62.800.000đ,Đồng hồ Epos Swiss E-3435.313.22.18.25 Limited
Đồng hồ Epos Swiss E-3439.322.24.26.25,70.300.000đ,70.300.000đ,Đồng hồ Epos Swiss E-3439.322.24.26.25
Đồng hồ Diamond D DM74505RG-B,6.350.000đ,6.350.000đ,Đồng hồ Diamond D DM74505RG-B
Đồng hồ Philippe Auguste PA2110L-06,14.000.000đ,14.000.000đ,Đồng hồ Philippe Auguste PA2110L-06
Đồng hồ Philippe Auguste PA2110L-01,13.000.000đ,13.000.000đ,Đồng hồ Philippe Auguste PA2110L-01
Đồng hồ Philippe Auguste PA2110L-02,14.000.000đ,14.000.000đ,Đồng hồ Philippe Auguste PA2110L-02
Đồng hồ Philippe Auguste PA2110L-03,14.000.000đ,14.000.000đ,Đồng hồ Philippe Auguste PA2110L-03
Đồng hồ Philippe Auguste PA2110L-05,14.000.000đ,14.000.000đ,Đồng hồ Philippe Auguste PA2110L-05
Đồng hồ Philippe Auguste PA2110L-04,13.000.000đ,13.000.000đ,Đồng hồ Philippe Auguste PA2110L-04
Đồng hồ Diamond D DM65105W-R,3.800.000đ,3.800.000đ,Đồng hồ Diamond D DM65105W-R
Đồng hồ Diamond D DM36285IG-R,4.550.000đ,4.550.000đ,Đồng hồ Diamond D DM36285IG-R
Cầu thủ: Đoàn Văn Hậu,,,Cầu thủ: Đoàn Văn Hậu
Diễn viên: Hoàng Kim Ngọc,,,Diễn viên: Hoàng Kim Ngọc
Quà Tặng Đẳng Cấp Cho Nàng 20/10: Đồng Hồ Nữ Sang Trọng Tại Đăng Quang Watch,,,Quà Tặng Đẳng Cấp Cho Nàng 20/10: Đồng Hồ Nữ Sang Trọng Tại Đăng Quang Watch
Cập Nhật Xu Hướng Đồng Hồ Mới Nhất 2025 Với Bộ Sưu Tập Mới Từ Diamond D,,,Cập Nhật Xu Hướng Đồng Hồ Mới Nhất 2025 Với Bộ Sưu Tập Mới Từ Diamond D
Mừng Khai Trương Đăng Quang Watch - 55 Trần Đăng Ninh - Hà Nội: Ưu Đãi Giảm Giá 30% Toàn Bộ Sản Phẩm,,,Mừng Khai Trương Đăng Quang Watch - 55 Trần Đăng Ninh - Hà Nội: Ưu Đãi Giảm Giá 30% Toàn Bộ Sản Phẩm
Đăng Quang Watch tham gia triển lãm quốc tế chuyên ngành đồng hồ tại Việt Nam năm 2024,,,Đăng Quang Watch tham gia triển lãm quốc tế chuyên ngành đồng hồ tại Việt Nam năm 2024